tier,title,company,location,posted_ist,source,url,note
A,"Automation Developer (IN, Mumbai, Virtual, India, APAC)",BCD Travel,India,2026-10-07 14:58,Himalayas,https://himalayas.app/companies/bcd-travel/jobs/automation-developer-in-mumbai-virtual-india-apac-4254590988,India location
A,Snowflake Developer,Pontoonglobal,India,2026-10-07 14:24,Himalayas,https://himalayas.app/companies/pontoonglobal/jobs/snowflake-developer,India location
B,"🌍 IT Manager, Remote- Contract",Xperteez Technology,Worldwide,2026-10-07 15:13,Himalayas,https://himalayas.app/companies/xperteez-technology/jobs/it-manager-remote-contract,Worldwide / APAC remote
B,"Strategic Project Lead, Robotics",micro1,Worldwide,2026-10-07 14:29,Himalayas,https://himalayas.app/companies/micro1/jobs/strategic-project-lead-robotics,Worldwide / APAC remote
B,"Producer, Client Experience & Growth (Contract)",Current,Anywhere in the World,2026-10-07 13:01,WeWorkRemotely,https://weworkremotely.com/remote-jobs/current-producer-client-experience-growth-contract,Worldwide / APAC remote
B,"Analyst, Privacy",Coinbase,Anywhere in the World,2026-10-07 13:01,WeWorkRemotely,https://weworkremotely.com/remote-jobs/coinbase-analyst-privacy,Worldwide / APAC remote
B,"Nurse Practitioner (Remote, CT License Required)",Galileo,Anywhere in the World,2026-10-07 13:01,WeWorkRemotely,https://weworkremotely.com/remote-jobs/galileo-nurse-practitioner-remote-ct-license-required,Worldwide / APAC remote
B,Billing Support Analyst - Philippines,Mixmax,Anywhere in the World,2026-10-07 13:01,WeWorkRemotely,https://weworkremotely.com/remote-jobs/mixmax-billing-support-analyst-philippines,Worldwide / APAC remote
B,Lead QA Engineer,Current,Anywhere in the World,2026-10-07 13:01,WeWorkRemotely,https://weworkremotely.com/remote-jobs/current-lead-qa-engineer,Worldwide / APAC remote
B,Principal Solutions Architect,Expel,Anywhere in the World,2026-10-07 13:00,WeWorkRemotely,https://weworkremotely.com/remote-jobs/expel-principal-solutions-architect,Worldwide / APAC remote
B,Creative Hospitality,Galileo,Anywhere in the World,2026-10-07 13:00,WeWorkRemotely,https://weworkremotely.com/remote-jobs/galileo-creative-hospitality,Worldwide / APAC remote
B,Software Engineer - Query Execution,Dremio,Anywhere in the World,2026-10-07 13:00,WeWorkRemotely,https://weworkremotely.com/remote-jobs/dremio-software-engineer-query-execution,Worldwide / APAC remote
B,Associate Renewals Manager,GitLab,Anywhere in the World,2026-10-07 13:00,WeWorkRemotely,https://weworkremotely.com/remote-jobs/gitlab-associate-renewals-manager,Worldwide / APAC remote
B,Account Executive - France,GitLab,Anywhere in the World,2026-10-07 13:00,WeWorkRemotely,https://weworkremotely.com/remote-jobs/gitlab-account-executive-france,Worldwide / APAC remote
B,"Director, Mid Market Customer Success",Abnormal,Anywhere in the World,2026-10-07 13:00,WeWorkRemotely,https://weworkremotely.com/remote-jobs/abnormal-director-mid-market-customer-success,Worldwide / APAC remote
B,Cloud Engineer,BeyondTrust,Anywhere in the World,2026-10-07 13:00,WeWorkRemotely,https://weworkremotely.com/remote-jobs/beyondtrust-cloud-engineer,Worldwide / APAC remote
B,"Designer, Creative Services",Abnormal,Anywhere in the World,2026-10-07 13:00,WeWorkRemotely,https://weworkremotely.com/remote-jobs/abnormal-designer-creative-services,Worldwide / APAC remote
B,Account Executive II - Riyadh (Saudi National),BeyondTrust,Anywhere in the World,2026-10-07 13:00,WeWorkRemotely,https://weworkremotely.com/remote-jobs/beyondtrust-account-executive-ii-riyadh-saudi-national,Worldwide / APAC remote
B,Customer Service Business Process Specialist (Mandarin Speaker),Binance,APAC,2026-10-07 09:50,Jobicy,https://jobicy.com/jobs/146137-customer-service-business-process-specialist-mandarin-speaker,Worldwide / APAC remote
B,Senior 3D Designer,Contra,Anywhere in the World,2026-10-07 05:41,WeWorkRemotely,https://weworkremotely.com/remote-jobs/contra-senior-3d-designer,Worldwide / APAC remote
B,Senior Game Designer,Contra,Anywhere in the World,2026-10-07 05:38,WeWorkRemotely,https://weworkremotely.com/remote-jobs/contra-senior-game-designer,Worldwide / APAC remote
B,Scaled Customer Success Manager,Dropbox,Anywhere in the World,2026-10-07 04:12,WeWorkRemotely,https://weworkremotely.com/remote-jobs/dropbox-scaled-customer-success-manager,Worldwide / APAC remote
B,Global CRM & Lifecycle Marketing Manager,FP Markets,Anywhere in the World,2026-10-07 03:34,WeWorkRemotely,https://weworkremotely.com/remote-jobs/fp-markets-global-crm-lifecycle-marketing-manager,Worldwide / APAC remote
